<?xml version="1.0" encoding="UTF-8"?>
<!-- Produced by Beyond Compare 4 from Scooter Software -->
<BCState Version="1" MinVersion="1">
	<TBcState>
		<FirstStartup Value="False"/>
		<FormPositions>
			<TViewFrame Value="50;50;1211;668;3"/>
		</FormPositions>
	</TBcState>
	<TCheckForUpdatesState>
		<Build Value="21719"/>
		<CheckID Value="240793046482944"/>
		<LastChecked Value="2017-03-24 19:40:42"/>
	</TCheckForUpdatesState>
	<TDirCompareState>
		<LeftMRUSpecs>
			<_0 Value="D:\workspace\JavaChef\src\com\kosta\p1\javachef\"/>
		</LeftMRUSpecs>
		<RightMRUSpecs>
			<_0 Value="C:\Users\kosta\Documents\카카오톡 받은 파일\javachef"/>
		</RightMRUSpecs>
	</TDirCompareState>
	<THomeState>
		<SessionType Value="TTextCompareSession"/>
	</THomeState>
	<TTextCompareState>
		<LeftMRUSpecs>
			<_0 Value="D:\workspace\JavaChef\src\com\kosta\p1\javachef\control\Controller.java"/>
			<_1 Value="D:\workspace\JavaChef\src\com\kosta\p1\javachef\model\Model.java"/>
			<_2 Value="D:\workspace\JavaChef\src\com\kosta\p1\javachef\model\Money.java"/>
			<_3 Value="D:\workspace\JavaChef\src\com\kosta\p1\javachef\model\Item.java"/>
			<_4 Value="D:\workspace\JavaApp\src\com\kosta\j0324\MainChat.java"/>
			<_5 Value="D:\workspace\JavaApp\src\com\kosta\j0324\Room.java"/>
			<_6 Value="D:\workspace\JavaApp\src\com\kosta\j0324\Server.java"/>
			<_7 Value="D:\workspace\JavaApp\src\com\kosta\j0324\Service.java"/>
		</LeftMRUSpecs>
		<MRUFonts>
			<_0 Value="D2Coding;10"/>
			<_1 Value="Consolas;10"/>
		</MRUFonts>
		<RightMRUSpecs>
			<_0 Value="C:\Users\kosta\Documents\카카오톡 받은 파일\javachef\Controller.java"/>
			<_1 Value="C:\Users\kosta\Documents\카카오톡 받은 파일\javachef\Model.java"/>
			<_2 Value="C:\Users\kosta\Documents\카카오톡 받은 파일\javachef\Money.java"/>
			<_3 Value="C:\Users\kosta\Documents\카카오톡 받은 파일\javachef\Item.java"/>
			<_4 Value="D:\workspace\JavaApp_teacher\src\com\kosta\j0324\MainChat.java"/>
			<_5 Value="D:\workspace\JavaApp_teacher\src\com\kosta\j0324\Room.java"/>
			<_6 Value="D:\workspace\JavaApp_teacher\src\com\kosta\j0324\Server.java"/>
			<_7 Value="D:\workspace\JavaApp_teacher\src\com\kosta\j0324\Service.java"/>
		</RightMRUSpecs>
	</TTextCompareState>
</BCState>
